Day,Temperature_F,Temperature_C
Monday,53.6,12.0
Tuesday,57.2,14.000000000000002
Wednesday,59.0,15.0
Thursday,57.2,14.000000000000002
Friday,69.8,21.0
Saturday,71.6,21.999999999999996
Sunday,75.2,24.0
